{
  "num_epochs": 8,
  "learning_rate": 0.0001,
  "batch_size": 8,
  "train_losses": [
    1.0806663607925935,
    0.17394382290944646,
    0.05190886068009866,
    0.017105966420570176,
    0.008072709187310187,
    0.004448628624385939,
    0.003115795988979714,
    0.0021672719082389603
  ],
  "val_losses": [
    0.23446900851932573,
    0.07892239391803742,
    0.018290779591009113,
    0.006850411027690028,
    0.0032005271548477153,
    0.00210057268667259,
    0.0019422938382140948,
    0.0013167897653787535
  ],
  "total_programs": 5396,
  "train_size": 3777,
  "val_size": 809,
  "test_size": 810
}