{
  "num_epochs": 4,
  "learning_rate": 0.0001,
  "batch_size": 8,
  "train_losses": [
    0.2800873789068093,
    0.0032725965129947786,
    0.001113386406582911,
    0.0006517171180469367
  ],
  "val_losses": [
    0.0027191801453918,
    0.0003500259639771016,
    0.00013889803241203926,
    0.00010636635912157303
  ],
  "total_programs": 32660,
  "train_size": 22862,
  "val_size": 4899,
  "test_size": 4899
}